timestamp,temperature_C,humidity_%,pressure_hPa,gas_detected_ppm,material_type,risk_level
2025-01-01 00:00:00,0.5269216393004288,0.5795383003681139,0.5927279615169283,0.24352950991420394,PETN,Low
2025-01-01 01:00:00,0.43741239785083136,0.21453513596413198,0.6749143195315597,0.48687637385618415,TNT,Low
2025-01-01 02:00:00,0.5482036254822698,0.2800093100768144,0.5151665250542763,0.5319840440969255,TNT,Low
2025-01-01 03:00:00,0.6715954301885616,0.6583031551117654,0.27728724507356617,0.6470173869402988,TNT,Medium
2025-01-01 04:00:00,0.42389546955125784,0.5547697507616053,0.5503636565020571,0.7259355513841708,TNT,Medium
2025-01-01 05:00:00,0.4238977838699584,0.490585984302491,0.3811846479204277,0.2607978924892117,PETN,Low
2025-01-01 06:00:00,0.6795152171014154,0.5271984899160075,0.40094124296430067,0.29739709689719523,RDX,Medium
2025-01-01 07:00:00,0.5650835537018235,0.5867335517984199,0.5804115389261781,0.21734482974616415,RDX,Low
2025-01-01 08:00:00,0.3907236271494165,0.4262344424221056,0.6853461851262637,0.4007663794164683,RDX,Low
2025-01-01 09:00:00,0.5333842694288939,0.3830872750502172,0.48945273778365106,0.5262741288335435,PETN,Low
2025-01-01 10:00:00,0.39157740416108716,0.5592880099578611,0.5357394008426368,0.6196330311634966,TNT,Medium
2025-01-01 11:00:00,0.39125148632363543,0.3468996873716458,0.7600219087077917,0.4290923079529267,RDX,Low
2025-01-01 12:00:00,0.49101073946465773,0.597707512557825,0.5247810875805072,0.3853860656818856,PETN,Low
2025-01-01 13:00:00,0.18719866285568326,0.21590704513649883,0.9048027273564543,0.4698977538353535,TNT,Low
2025-01-01 14:00:00,0.21375102304623989,0.7100141863104742,0.5770547628717679,0.29304515597546527,RDX,Medium
2025-01-01 15:00:00,0.3776402949526236,0.6093459546444334,0.20261169243468657,0.8171479774504711,TNT,High
2025-01-01 16:00:00,0.31412976981098323,0.5701739614850422,0.6072887034359198,0.15460994101740314,RDX,Low
2025-01-01 17:00:00,0.5012003465895103,0.7016098273958379,0.5473810875224601,0.47580823194803673,RDX,Medium
2025-01-01 18:00:00,0.3289038129584529,0.8251092370700462,0.693630883842502,0.8053328758362306,RDX,High
2025-01-01 19:00:00,0.25781842968631746,0.7073398253201092,0.5943858905485939,0.44392125998605236,TNT,Medium
2025-01-01 20:00:00,0.6635067500441616,0.7073398253201092,0.46374255949744736,0.40864774121005654,PETN,Medium
2025-01-01 21:00:00,0.42507633727293265,0.29241896002709167,0.28896246662144165,0.3786485236939088,TNT,Low
2025-01-01 22:00:00,0.46642177757723197,0.4108492958533908,0.45238386116388796,0.41037654649677474,RDX,Low
2025-01-01 23:00:00,0.25606420260295965,0.5285834816475764,0.3491267449300324,0.6887171159200206,TNT,Medium
2025-01-02 00:00:00,0.3801642317537188,0.617496523120013,0.39258618980416315,0.04633716847783064,PETN,Low
2025-01-02 01:00:00,0.4725388331417188,0.39259430328103384,0.5807679724057735,0.7174939816436,TNT,Medium
2025-01-02 02:00:00,0.2946538070451728,0.5576459253187162,0.7548211332344863,0.1875296674797635,PETN,Low
2025-01-02 03:00:00,0.5098626944720979,0.3872332863025708,0.5495561997200937,0.3949186421690738,PETN,Low
2025-01-02 04:00:00,0.3722341535656621,0.41325509200855315,0.2935362495854861,0.3657821464231129,TNT,Low
2025-01-02 05:00:00,0.4157843355571647,0.2694324409395158,0.5575932502105587,0.5481714488353525,RDX,Low
2025-01-02 06:00:00,0.37208361473191337,0.35687312695279116,0.6786418338798299,0.15631891281041194,PETN,Low
2025-01-02 07:00:00,0.7180076633954453,0.2793763903842722,0.3878765092159213,0.5255240500741484,TNT,Medium
2025-01-02 08:00:00,0.45500009125344226,0.34735179237282476,0.46445704348460026,0.8054589258131176,PETN,High
2025-01-02 09:00:00,0.30780332266990035,0.7144431544847324,0.488393058888164,0.19842200496911616,RDX,Medium
2025-01-02 10:00:00,0.5728521175633794,0.3521403798716779,0.3596894614724704,0.4766980652327568,TNT,Low
2025-01-02 11:00:00,0.2848074461681169,0.9999999999999999,0.590377771826752,0.32407555026042567,TNT,Medium
2025-01-02 12:00:00,0.4863450103954719,0.6130937892024698,0.46656066782448846,0.519021697218156,TNT,Low
2025-01-02 13:00:00,0.18065934979277926,0.5572967179774683,0.5535578793962728,0.44613400902426315,RDX,Low
2025-01-02 14:00:00,0.26967600880975223,0.3686075672372534,0.3431756767434564,0.3277483015418993,PETN,Low
2025-01-02 15:00:00,0.48465310722181326,0.6505337516997426,0.4156143415090412,0.5301294206590341,TNT,Low
2025-01-02 16:00:00,0.561000081199398,0.4197449327919096,0.6023052560894158,0.7660418320269345,PETN,Medium
2025-01-02 17:00:00,0.48105951279256914,0.5459329217985914,0.42601657939034965,0.40849277684187746,PETN,Low
2025-01-02 18:00:00,0.44060044726028363,0.9869230841570688,0.764005559357436,0.5716833204986893,RDX,Medium
2025-01-02 19:00:00,0.41445786990351147,0.5064892583974235,0.421702290939578,0.21094826954393303,TNT,Low
2025-01-02 20:00:00,0.24848402033381695,0.7317406406489554,0.5221946659980787,0.27130937042344166,PETN,Medium
2025-01-02 21:00:00,0.35543044083320013,0.39667621103138284,0.6361411390816656,0.52735791286956,TNT,Low
2025-01-02 22:00:00,0.3919691327078469,0.5175356346261032,0.2577248397787102,0.7086562567999288,TNT,Medium
2025-01-02 23:00:00,0.605919125285425,0.844160258638787,0.20260427964797145,0.5064286249844445,RDX,Medium
2025-01-03 00:00:00,0.5053406005808112,0.4104606865234741,0.2404550588474308,0.3866027424882374,TNT,Low
2025-01-03 01:00:00,0.20837713960484489,0.8516933846197495,0.6892577446735189,0.44257574801476474,TNT,Medium
2025-01-03 02:00:00,0.5025869604069415,0.6518798439554149,0.3972002343115193,0.21862971582879961,PETN,Low
2025-01-03 03:00:00,0.4026198943369917,0.42212726487268437,0.8978034532263308,0.5510318486907895,RDX,Low
2025-01-03 04:00:00,0.3614809363453865,0.6382518574621193,0.3952059946322848,0.6008167750620655,TNT,Medium
2025-01-03 05:00:00,0.5431271869150884,0.6997763676287193,0.5157346822327824,0.36168815987669073,PETN,Low
2025-01-03 06:00:00,0.6022367587744766,0.6363349698116761,0.7342509780555417,0.3584711954117386,RDX,Medium
2025-01-03 07:00:00,0.588179891024813,0.23984764274508752,0.8089349207768137,0.4903480954839866,RDX,Low
2025-01-03 08:00:00,0.3386030748191364,0.3923422768666125,0.8178539744034481,0.36444257016273685,PETN,Low
2025-01-03 09:00:00,0.41331483612870906,0.4790939485425928,0.6805306898648169,0.43085176642765755,PETN,Low
2025-01-03 10:00:00,0.5035990076570305,0.5104009764016243,0.6508646692520301,0.8189727827047071,PETN,High
2025-01-03 11:00:00,0.5944196732777296,0.6361291569548481,0.5814035408062566,0.3984357331525116,PETN,Low
2025-01-03 12:00:00,0.5944196732777296,0.5560061427073147,0.611315902294848,0.37848818825770475,PETN,Low
2025-01-03 13:00:00,0.4307314444670545,0.2823319553086515,0.39730847038483574,0.326663264332483,TNT,Low
2025-01-03 14:00:00,0.3009490721674139,0.5926330425826104,0.354329311999102,0.5760618975106718,TNT,Low
2025-01-03 15:00:00,0.2882803852647022,0.6343047739362856,0.48548564576076103,0.41022736406361554,RDX,Low
2025-01-03 16:00:00,0.571439784414183,0.6251171037596469,0.48548564576076103,0.32633510751363626,TNT,Low
2025-01-03 17:00:00,0.6480840324822577,0.7193519460679082,0.41307600024476443,0.6794803540517905,TNT,Medium
2025-01-03 18:00:00,0.4467518664878865,0.6747010581141527,0.5981212062799486,0.6970955256617649,TNT,Medium
2025-01-03 19:00:00,0.5983649475070472,0.606919063150306,0.6397973063199203,0.33510685090126463,PETN,Low
2025-01-03 20:00:00,0.5078804565786919,0.511172905775792,0.5002590179910271,0.1082188488951441,RDX,Low
2025-01-03 21:00:00,0.3659639150517123,0.22343560369197335,0.723856028036856,0.6232491381441233,RDX,Medium
2025-01-03 22:00:00,0.5078465660262748,0.601572020519917,0.30225945337264903,0.3200170927166283,RDX,Low
2025-01-03 23:00:00,0.6737108393415698,0.5614300263565594,0.4548568594624598,0.5843828015965479,RDX,Medium
2025-01-04 00:00:00,0.4518525273892769,0.5729864271317265,0.3706471565363003,0.08966020848633587,TNT,Low
2025-01-04 01:00:00,0.6774614868935265,0.2929305491744244,0.18558604743756035,0.602656132876764,TNT,Medium
2025-01-04 02:00:00,0.08761239616893407,0.3283266187175121,0.4727203016773842,0.22566077034643184,PETN,Low
2025-01-04 03:00:00,0.5727615610601582,0.7143547161886828,0.4664320007225129,0.5736556269304569,RDX,Medium
2025-01-04 04:00:00,0.4691732389202636,0.5167096330286484,0.7296377535865517,0.445260461276701,TNT,Low
2025-01-04 05:00:00,0.4147533795551824,0.6471316146939824,0.587565954901514,0.2717568250862682,TNT,Low
2025-01-04 06:00:00,0.4698377031258278,0.5289863523263972,0.3211729383485107,0.3697618383117606,PETN,Low
2025-01-04 07:00:00,0.17672661856645205,0.5292464097781834,0.7844685396709536,0.5656909661864261,PETN,Low
2025-01-04 08:00:00,0.42593684103036006,0.693577617212569,0.6825696791311202,0.4616790095894843,PETN,Low
2025-01-04 09:00:00,0.5072428114868579,0.4305239174213895,0.5797248213293713,0.5474295091706648,TNT,Low
2025-01-04 10:00:00,0.665232895778346,0.5412502060352323,0.449573317087399,0.7968807961181495,TNT,Medium
2025-01-04 11:00:00,0.3838451607860783,0.44024953970470804,0.33159488440117,0.1623906983962998,PETN,Low
2025-01-04 12:00:00,0.34293404823238066,0.4452741161141708,0.42611740256133857,0.7325071522128239,RDX,Medium
2025-01-04 13:00:00,0.38617292754825944,0.4679422880200078,0.6612767171110505,0.4614033076613732,PETN,Low
2025-01-04 14:00:00,0.5859416609668437,0.5640429820114489,0.7893768941102692,0.2816406652173076,PETN,Low
2025-01-04 15:00:00,0.5032448601862134,0.43726990265522125,0.7344334414533904,0.20431058345050543,PETN,Low
2025-01-04 16:00:00,0.3822254839623905,0.7510008653218659,0.4073422882128952,0.408812362215684,PETN,Medium
2025-01-04 17:00:00,0.5292550594908059,0.3620508844357825,0.30581217055576815,0.6078623886644645,TNT,Medium
2025-01-04 18:00:00,0.47058717784938026,0.49006355760360865,0.5087062371922002,0.41984593123079395,RDX,Low
2025-01-04 19:00:00,0.5934470009170314,0.4443272587924888,0.20137604519592145,0.7135016268270468,PETN,Medium
2025-01-04 20:00:00,0.35793835138434144,0.785588367351186,0.5380467530102209,0.1826521067088555,RDX,Medium
2025-01-04 21:00:00,0.4107140786170715,0.5594163456321034,0.46227029775896256,0.4405363891969325,RDX,Low
2025-01-04 22:00:00,0.40162949768152384,0.7105005452317633,0.4110143172333025,0.21827387660249914,RDX,Medium
2025-01-04 23:00:00,0.25059947631194796,0.2551614244364887,0.22934110760498072,0.5078655459045742,PETN,Low
2025-01-05 00:00:00,0.4986450803760187,0.5721673154839148,0.5686992636829018,0.6016329104038348,TNT,Medium
2025-01-05 01:00:00,0.4937021693717453,0.6847774361817277,0.40028384590898725,0.3673022327492115,PETN,Low
2025-01-05 02:00:00,0.4576235314068003,0.5387474577888266,0.2977158432963236,0.013377953983240477,RDX,Low
2025-01-05 03:00:00,0.4238343251019619,0.7165844738567294,0.02370174726424068,0.47835422750656403,RDX,Medium
2025-01-05 04:00:00,0.257386086689327,0.43029895749305025,0.48159993430352444,0.5209662578736497,TNT,Low
2025-01-05 05:00:00,0.3976067778708569,0.778781908335577,0.7712951968132487,0.5151523308834913,PETN,Medium
2025-01-05 06:00:00,0.4085922330560304,0.9396806275226998,0.7534295641077549,0.6641548439105958,RDX,Medium
2025-01-05 07:00:00,0.3438103288492656,0.4582352964648523,0.4124533631880851,0.2507699546714755,TNT,Low
2025-01-05 08:00:00,0.4341672027155968,0.4432833373586694,0.3890951326460268,0.5645974250582049,RDX,Low
2025-01-05 09:00:00,0.5138594301842707,0.7867471687430269,0.5614839740806801,0.6564000232279509,TNT,Medium
2025-01-05 10:00:00,0.7227874381756072,0.8095715391079298,0.3253259987784958,0.12397990935316668,TNT,Medium
2025-01-05 11:00:00,0.4815119419116675,0.4292911907312925,0.5346060443694114,0.49998432162894285,PETN,Low
2025-01-05 12:00:00,0.49320810649680596,0.44786235064463276,0.6093391520142575,0.352353724037659,RDX,Low
2025-01-05 13:00:00,0.44640850666447,0.4728960428810097,0.6835192831019725,0.4280938686087917,PETN,Low
2025-01-05 14:00:00,0.1864246324713728,0.2806848673203345,0.4699077376682439,0.5050063390724961,RDX,Low
2025-01-05 15:00:00,0.45316520926066434,0.3577017759054333,0.4532449322332539,0.3553913903381311,PETN,Low
2025-01-05 16:00:00,0.4653930214523662,0.34223886643654966,0.3447063661254717,0.3216158693244517,RDX,Low
2025-01-05 17:00:00,0.8041317159298622,0.38498777230771564,0.3529319191111284,0.4488228398817413,PETN,High
2025-01-05 18:00:00,0.4297867039508482,0.5175905492616367,0.4495741552118204,0.2478683025147749,TNT,Low
2025-01-05 19:00:00,0.4994101023894891,0.5662281426459258,0.5451609487275348,0.2481229116018325,RDX,Low
2025-01-05 20:00:00,0.45200959950491953,0.8043131633840376,0.6330818490421635,0.5644463913034342,RDX,Medium
2025-01-05 21:00:00,0.2921609309368996,0.3432855485662617,0.3567469608187679,0.2368388862980444,TNT,Low
2025-01-05 22:00:00,0.6179998417249231,0.7019049117720303,0.7262959790685457,0.5621058997206704,PETN,Medium
2025-01-05 23:00:00,0.5628983691767011,0.48515869626235164,0.4423880226096628,0.5255990679737396,RDX,Low
2025-01-06 00:00:00,0.5684099170764465,0.5149174091944978,0.48258947027637333,0.1334382363443557,RDX,Low
2025-01-06 01:00:00,0.3287116252648739,0.6459231423940955,0.36575560355274206,0.3212831714912821,PETN,Low
2025-01-06 02:00:00,0.6546465205057475,0.3207903167654722,0.0958165672494502,0.6566870819492899,TNT,Medium
2025-01-06 03:00:00,0.25929187770800893,0.593033122204557,0.6283271350589956,0.2668779070295062,PETN,Low
2025-01-06 04:00:00,0.5396285684866349,0.5539715016522432,0.6046331853540323,0.3594815042426186,PETN,Low
2025-01-06 05:00:00,0.7656785820649563,0.6129370350507152,0.4407455663626152,0.5255040203877975,PETN,High
2025-01-06 06:00:00,0.31727253818968343,0.5761680079269397,0.4968118137487636,0.5830862738002973,RDX,Low
2025-01-06 07:00:00,0.37707500019327983,0.9679700601185722,0.5690757733098266,0.5830862738002973,TNT,Medium
2025-01-06 08:00:00,0.47094999377323604,0.40851211844055024,0.23451721878038967,0.33562892686795864,TNT,Low
2025-01-06 09:00:00,0.38593066495805145,0.4278194125703271,0.4008710639390429,0.6975913463506372,PETN,Medium
2025-01-06 10:00:00,0.23831465853659434,0.4111528157148767,0.6138757891320523,0.7543134733124289,RDX,Medium
2025-01-06 11:00:00,0.4665676431380806,0.42339152877243125,0.28413500442129447,0.61811404885434,PETN,Medium
2025-01-06 12:00:00,0.30715590435481516,0.4085759419320405,0.5332806827636603,0.4579917356213005,RDX,Low
2025-01-06 13:00:00,0.523662303779268,0.7389292481913025,0.26766974725055803,0.2978615454768851,RDX,Medium
2025-01-06 14:00:00,0.3272967984967054,0.7807999114908278,0.5611066334827157,0.2938871260911342,RDX,Medium
2025-01-06 15:00:00,0.675388008852797,0.42062969554560825,0.48029185854671397,0.536337233388149,RDX,Medium
2025-01-06 16:00:00,0.346492028880423,0.37331075266854996,0.22605284121376457,0.5176796713727808,TNT,Low
2025-01-06 17:00:00,0.41150356710244257,0.6091321721277069,0.6735083904039669,0.6938691358810394,RDX,Medium
2025-01-06 18:00:00,0.5715795356319557,0.4239801140997953,0.36778696921024334,0.5592633568204741,RDX,Low
2025-01-06 19:00:00,0.28339489075303365,0.6383466509271262,0.3556083934110319,0.17335080251666166,PETN,Low
2025-01-06 20:00:00,0.48896642887087877,0.5605682106992825,0.5183129655893026,0.6312116961157475,PETN,Medium
2025-01-06 21:00:00,0.6411630735901084,0.24970189805746978,0.6709165683152705,0.26385030651953956,TNT,Medium
2025-01-06 22:00:00,0.23030509935129945,0.8037713858638295,0.3225193921349714,0.3738950926652354,PETN,Medium
2025-01-06 23:00:00,0.48292948453331447,0.8486961027266685,0.49595696223472885,0.4875385943629943,RDX,Medium
2025-01-07 00:00:00,0.49353689193662836,0.4130252184627593,0.5550522661182242,0.8003262567177164,PETN,High
2025-01-07 01:00:00,0.5671117669800787,0.4537381667918502,0.5975929524450905,0.9999999999999998,TNT,High
2025-01-07 02:00:00,0.28253692691777516,0.5755705274053916,0.5144293153697674,0.5514274743104333,PETN,Low
2025-01-07 03:00:00,0.27076558268741885,0.5843595644444127,0.42695101820467585,0.40987390191419426,PETN,Low
2025-01-07 04:00:00,0.5304778017988501,0.6429793393935409,0.35281765707023993,0.5384861174179832,TNT,Low
2025-01-07 05:00:00,0.4987669293062534,0.8874627731548387,0.4998947588948397,0.6017705423820529,TNT,Medium
2025-01-07 06:00:00,0.49221324583425236,0.491858650294995,0.3134544250981719,0.385239103384475,RDX,Low
2025-01-07 07:00:00,0.5057395180314679,0.3794711002979113,0.015800367106372448,0.7644045261244674,PETN,Medium
2025-01-07 08:00:00,0.3610435636665112,0.2743779395574727,0.5562986491533195,0.4839313983130401,RDX,Low
2025-01-07 09:00:00,0.4896421778625634,0.3916562372852267,0.6315285936400485,0.5318982683520066,PETN,Low
2025-01-07 10:00:00,0.4982154491005391,0.5178723392196577,0.10568483980725318,0.5620363255425491,PETN,Low
2025-01-07 11:00:00,0.3562047277339185,0.8484573803305385,0.32349983428971996,0.5182510306749053,RDX,Medium
2025-01-07 12:00:00,0.7199101625299766,0.43024056174199476,0.5856895446159811,0.5930408298387526,PETN,Medium
2025-01-07 13:00:00,0.5236962043031255,0.5643421841244886,0.8172088187198554,0.3320909835741693,PETN,Low
2025-01-07 14:00:00,0.2889715507124307,0.5208937123831484,0.4893758186928494,0.3426550777681205,PETN,Low
2025-01-07 15:00:00,0.5494532832204051,0.7388165155938243,0.36884749373322734,0.24555513676403282,TNT,Medium
2025-01-07 16:00:00,0.3195074772250131,0.9809266496401045,0.4565893038504285,0.521461329811672,RDX,Medium
2025-01-07 17:00:00,0.5678534829136017,0.4278425976829009,0.7073326181915647,0.5822881161572367,TNT,Low
2025-01-07 18:00:00,0.6202232371424796,0.43533618553867914,0.38205267379471763,0.5247356061153673,RDX,Medium
2025-01-07 19:00:00,0.341215875485335,0.7127282799543507,0.35738871006585526,0.7427717003778818,RDX,Medium
2025-01-07 20:00:00,0.5927042800040045,0.6472022997873194,0.4083251102550989,0.44169992179833145,PETN,Low
2025-01-07 21:00:00,0.5150900576949704,0.8578899869638384,0.3325784676134944,0.5625412041357437,RDX,Medium
2025-01-07 22:00:00,0.5727837848612933,0.6294830506396235,0.5057741519002263,0.24706997794587368,TNT,Low
2025-01-07 23:00:00,0.7242826571200307,0.45887676910420405,0.7475414271051051,0.37333447804984676,TNT,Medium
2025-01-08 00:00:00,0.42231177302865947,0.6306997419918167,0.5380325172976441,0.5673430644602035,TNT,Low
2025-01-08 01:00:00,0.35065288775326503,0.7244025313732408,0.4454093082751598,0.5948617899639894,RDX,Medium
2025-01-08 02:00:00,0.3315130107236856,0.6722700842096364,0.439058079881292,0.39002386371784525,TNT,Low
2025-01-08 03:00:00,0.3419026578633037,0.615618123700837,0.2344134056003142,0.4298721452700757,RDX,Low
2025-01-08 04:00:00,0.4460341347888455,0.7168004971601399,0.628176535270903,0.170699817821236,TNT,Medium
2025-01-08 05:00:00,0.5049929384496679,0.7353621955738917,0.4734999226819454,0.3787231106591433,TNT,Medium
2025-01-08 06:00:00,0.4959062192346258,0.7738641597170045,0.4569782746263229,0.6022593528512282,RDX,Medium
2025-01-08 07:00:00,0.5735059571034631,0.6412005312903645,1.0,0.5457794423511754,TNT,Low
2025-01-08 08:00:00,0.458735518513604,0.4936365109846276,0.534116880121644,0.5324220039330047,PETN,Low
2025-01-08 09:00:00,0.6617990119893189,0.5504012690256465,0.3650184956737732,0.45162217074079813,RDX,Medium
2025-01-08 10:00:00,0.4195955733654126,0.7420932168148654,0.4174011407357199,0.4439684458557777,RDX,Medium
2025-01-08 11:00:00,0.8403492372792587,0.37609984894695214,0.670885721387485,0.32437320825670274,RDX,High
2025-01-08 12:00:00,0.5450994255999249,0.590548524968313,0.5042611178058891,0.5679327510635905,PETN,Low
2025-01-08 13:00:00,0.3360741720631975,0.452718520911746,0.25451971114215866,0.5181410617136906,RDX,Low
2025-01-08 14:00:00,0.30594519308463425,0.5290634864862603,0.6339903721118176,0.5308724845926222,TNT,Low
2025-01-08 15:00:00,0.524914063868309,0.755105988377527,0.37848253633242734,0.34843730688545427,TNT,Medium
2025-01-08 16:00:00,0.4254024601291509,0.5584295367577853,0.7875598619693776,0.0568237692375678,TNT,Low
2025-01-08 17:00:00,0.5575512385244661,0.5322635019337613,0.6598762525121344,0.6393124470274449,RDX,Medium
2025-01-08 18:00:00,0.5236122888201309,0.2778983525408094,0.41402667064328114,0.35689507655072145,TNT,Low
2025-01-08 19:00:00,0.44663644624380733,0.6588438800255098,0.6922246506049561,0.2880933482160718,RDX,Low
2025-01-08 20:00:00,0.3375351024347945,0.6406170771424294,0.4969510132074433,0.5669741194076974,TNT,Low
2025-01-08 21:00:00,0.24336346207249987,0.9151459385127031,0.6232935546002238,0.37245407987044243,PETN,Medium
2025-01-08 22:00:00,0.3939600857978864,0.468194409547238,0.5640527070676171,0.6326432826983573,PETN,Medium
2025-01-08 23:00:00,0.5776243036079645,0.563503347426885,0.3497969612644667,0.5532701678363923,PETN,Low
2025-01-09 00:00:00,0.48708227427868483,0.5689718478229321,0.3824412935581165,0.5651983215352073,PETN,Low
2025-01-09 01:00:00,0.28129812380494607,0.8091882862741039,0.6518140741781338,0.1979235232643054,RDX,Medium
2025-01-09 02:00:00,0.48131503083034505,0.5066275144045452,0.43214246857687755,0.6598830383396088,TNT,Medium
2025-01-09 03:00:00,0.5112186802303,0.5743326337968692,0.4210564639284513,0.48951881212590515,PETN,Low
2025-01-09 04:00:00,0.3323104443798472,0.6338183547064128,0.33228970519595435,0.3765282806160202,RDX,Low
2025-01-09 05:00:00,0.4785724563853942,0.5576174117252052,0.5542124537734807,0.46839793533103713,PETN,Low
2025-01-09 06:00:00,0.46510806348391104,0.44311492458800916,0.8180183724596901,0.12440145057087511,PETN,Low
2025-01-09 07:00:00,0.2957848023812491,0.55897052446212,0.3141958349922618,0.5159332944247963,RDX,Low
2025-01-09 08:00:00,0.5073379325677374,0.7180588651291567,0.48992723647628367,0.2582393980108204,RDX,Medium
2025-01-09 09:00:00,0.5359532693987472,0.3381918416696795,0.7133436309250527,0.2003042709185351,TNT,Low
2025-01-09 10:00:00,0.6095741888927184,0.5479153016551922,0.4732095147198976,0.16989602724854877,TNT,Medium
2025-01-09 11:00:00,0.6054510995268594,0.39722889878097767,0.5588437899788303,0.6420964372131314,PETN,Medium
2025-01-09 12:00:00,0.2627006314183224,0.7400199505351307,0.3150230844193942,0.3299387549686872,PETN,Medium
2025-01-09 13:00:00,0.3247029433072139,0.24835567308554207,0.5549702712198439,0.7175466679757266,TNT,Medium
2025-01-09 14:00:00,0.5295042608421858,0.42276845877610225,0.45590556267703874,0.3466871289313538,TNT,Low
2025-01-09 15:00:00,0.529328151947011,0.5920929500241435,0.6446945619806002,0.13674425535180013,RDX,Low
2025-01-09 16:00:00,0.5295060114905414,0.8070305664648277,0.6771536637531952,0.24262159637579617,TNT,Medium
2025-01-09 17:00:00,1.0,0.511971556515899,0.9028519444821086,0.6641601174400471,TNT,High
2025-01-09 18:00:00,0.5373778515795569,0.4234417386966517,0.5793281239030605,0.4147657813319449,PETN,Low
2025-01-09 19:00:00,0.6169768398175939,0.864121132351746,0.5384698599303803,0.3444496681146641,TNT,Medium
2025-01-09 20:00:00,0.5913828298635675,0.26195269498146834,0.5173174281302764,0.4713779873429591,PETN,Low
2025-01-09 21:00:00,0.5487255755549239,0.12615213581291207,0.4291822100189435,0.5326221729348128,TNT,Low
2025-01-09 22:00:00,0.4124610343543276,0.603452453271725,0.5405120784217559,0.6429405480226508,RDX,Medium
2025-01-09 23:00:00,0.5638902198908595,0.43305446929948355,0.4384802010824558,0.7022737280105206,TNT,Medium
2025-01-10 00:00:00,0.34796201471598615,0.33914731801168585,0.5131447398826836,0.3782322022357645,TNT,Low
2025-01-10 01:00:00,0.4235197672033621,0.6519891858773815,0.6981128548569373,0.20507503965408658,TNT,Low
2025-01-10 02:00:00,0.38848382386310426,0.5679620203569272,0.3240130057974042,0.36860978899064945,PETN,Low
2025-01-10 03:00:00,0.468444041048191,0.42183571838241984,0.6695067301649757,0.4893449837500508,RDX,Low
2025-01-10 04:00:00,0.468444041048191,0.2922873847623563,0.698035195465323,0.2699971698863145,TNT,Low
2025-01-10 05:00:00,0.1936851387015433,0.6816711613499534,0.4670241794741301,0.2711813252306801,PETN,Low
2025-01-10 06:00:00,0.5536408482947077,0.641470270513525,0.1444893292587608,0.5043095017629282,RDX,Low
2025-01-10 07:00:00,0.22956748481917383,0.5059256540578659,0.38819214373278754,0.43398422881754,PETN,Low
2025-01-10 08:00:00,0.3903772104226703,0.8578772659834716,0.6947965422604412,0.44857994830377074,PETN,Medium
2025-01-10 09:00:00,0.6104057866886667,0.3303111536404776,0.4823479026258184,0.30678039668228657,RDX,Medium
2025-01-10 10:00:00,0.4659638996342031,0.2479327359396254,0.32517842929132,0.40141493002755907,TNT,Low
2025-01-10 11:00:00,0.30497926680924264,0.3987143904853181,0.40477887693869974,0.27708018831531495,PETN,Low
2025-01-10 12:00:00,0.3560704887445523,0.5156187923719789,0.6213372705915035,0.6022262452299675,PETN,Medium
2025-01-10 13:00:00,0.5527016824449782,0.5678785885071703,0.5740325148885788,0.6282193645184019,TNT,Medium
2025-01-10 14:00:00,0.35394715565462703,0.480230318536088,0.44756965343606936,0.11186594239310199,TNT,Low
2025-01-10 15:00:00,0.48741563286926276,0.5875427369183929,0.4269837624056194,0.27613442184804976,RDX,Low
2025-01-10 16:00:00,0.463326715778093,0.2974902895968393,0.4229703609199049,0.17452474979893765,RDX,Low
2025-01-10 17:00:00,0.36505038332506107,0.7850071608037169,0.33755518035875554,0.3262184669630333,RDX,Medium
2025-01-10 18:00:00,0.7591221196811151,0.5090050177459794,0.7460440283564509,0.42775064752431136,TNT,High
2025-01-10 19:00:00,0.5462626164531947,0.7259566667445249,0.4341472368468189,0.18292636693048414,PETN,Medium
2025-01-10 20:00:00,0.17143007525522608,0.5858551511013207,0.6819459205764034,0.2775054891543588,PETN,Low
2025-01-10 21:00:00,0.48318610372378273,0.6064801014532041,0.7309039358140552,0.2627936101101594,RDX,Low
2025-01-10 22:00:00,0.3636145052814313,0.6269216772018321,0.6467196179195867,0.47984502467215534,TNT,Low
2025-01-10 23:00:00,0.5770653157053907,0.6048441361308862,0.4165540397144767,0.45512923035558,PETN,Low
2025-01-11 00:00:00,0.3451856505855287,0.6401176012223703,0.551014290013164,0.31336738952614795,RDX,Low
2025-01-11 01:00:00,0.44072898420300094,0.764276542252251,0.4821342175539698,0.4743890208369391,PETN,Medium
2025-01-11 02:00:00,0.528087854035818,0.5594102669535049,0.34056652253009645,0.34473768041881664,PETN,Low
2025-01-11 03:00:00,0.5789432211987213,0.6521062690277651,0.5382385509295915,0.3940221440119962,TNT,Low
2025-01-11 04:00:00,0.28770387220448107,0.5076331578667937,0.29624738782096927,0.742585270948116,TNT,Medium
2025-01-11 05:00:00,0.40975001174782405,0.7843474343048514,0.6772008800500018,0.6829132911277495,PETN,Medium
2025-01-11 06:00:00,0.38995242245139633,0.4015208266066689,0.4112427562224781,0.20981782620755024,RDX,Low
2025-01-11 07:00:00,0.364806672406981,0.849611836461691,0.5184080074022859,0.5913907418334343,TNT,Medium
2025-01-11 08:00:00,0.7057685939651246,0.5166006013198593,0.5316275861510746,0.5881049559007119,PETN,Medium
2025-01-11 09:00:00,0.5139906473113987,0.2650707866407298,0.44435476576826005,0.23693399603124532,TNT,Low
2025-01-11 10:00:00,0.279163195961786,0.5470352911125912,0.58046462164085,0.589427646780152,TNT,Low
2025-01-11 11:00:00,0.5862884088887703,0.4006780592044612,0.40958703612666625,0.7183000619579221,TNT,Medium
2025-01-11 12:00:00,0.7560508064722193,0.6759167996976946,0.6262751667314888,0.24154274699377998,PETN,High
2025-01-11 13:00:00,0.6024433753937024,0.405819955099321,0.2693762937395121,0.27828626195380957,RDX,Medium
2025-01-11 14:00:00,0.24272591738493093,0.4431601764856651,0.5063712049497582,0.6250676193485157,RDX,Medium
2025-01-11 15:00:00,0.3886430394183648,0.18209091437477698,0.7981240403289078,0.49135467618940754,RDX,Low
2025-01-11 16:00:00,0.635491856825656,0.4420526909438133,0.3250127838218688,0.5415272530054068,TNT,Medium
2025-01-11 17:00:00,0.35714664393196577,0.08544167644057932,0.37693715203193534,0.5037363011053323,PETN,Low
2025-01-11 18:00:00,0.5194653757561045,0.23737359670097447,0.5687487988392235,0.5127154204078637,TNT,Low
2025-01-11 19:00:00,0.5660984008209473,0.6614052869296515,0.5149347747093103,0.20499897962484395,RDX,Low
2025-01-11 20:00:00,0.32623868761687697,0.6659969250625758,0.5424671724645407,0.6303820162449175,RDX,Medium
2025-01-11 21:00:00,0.44851177170022777,0.600819455825543,0.5647696852589945,0.6522932046177713,PETN,Medium
2025-01-11 22:00:00,0.0,0.3489610695120473,0.5881952842635059,0.40159591663292954,TNT,Low
2025-01-11 23:00:00,0.3125007138616341,0.5152343685770778,0.664649082261974,0.43491166059037395,RDX,Low
2025-01-12 00:00:00,0.4212996449522925,0.5232126123136086,0.551994322087026,0.1683283293359805,PETN,Low
2025-01-12 01:00:00,0.2810099360984572,0.3143433996005256,0.4471953257687886,0.534857158357123,TNT,Low
2025-01-12 02:00:00,0.6870143004384244,0.7957934889557029,0.5942880815575009,0.5452153971550369,TNT,Medium
2025-01-12 03:00:00,0.25530395554402047,0.682558353238745,0.7918389197356817,0.4315581005532932,RDX,Low
2025-01-12 04:00:00,0.39487218989099876,0.48389702380217836,0.46467972253979895,0.6441868020034787,RDX,Medium
2025-01-12 05:00:00,0.47533246026925574,0.5287272401761266,0.32916594643001673,0.3828361026677885,TNT,Low
2025-01-12 06:00:00,0.6600706795799449,0.5615557572968867,0.6642274931762557,0.5438800858395532,TNT,Medium
2025-01-12 07:00:00,0.2544975312189937,0.15456258772159726,0.4666519312011914,0.2599789223671291,RDX,Low
2025-01-12 08:00:00,0.6208671860994166,0.47915567315999164,0.13631006684360614,0.4384821837058808,TNT,Medium
2025-01-12 09:00:00,0.45834521243597565,0.4005093755943444,0.6224320825948766,0.4114584525934955,RDX,Low
2025-01-12 10:00:00,0.31854511721008566,0.34269481184500283,0.39986094117492854,0.48307789809993157,TNT,Low
2025-01-12 11:00:00,0.5220427720248852,0.47301981948629523,0.4714563266055549,0.37648351833271415,RDX,Low
2025-01-12 12:00:00,0.48496301137556425,0.8490232816695166,0.5394652554739565,0.4191428446263432,PETN,Medium
2025-01-12 13:00:00,0.3722936140716581,0.6397775719439257,0.516692148945161,0.5907303458298456,RDX,Low
2025-01-12 14:00:00,0.4667423133365905,0.4205514310477496,0.6002240824036207,0.36443459555003144,RDX,Low
2025-01-12 15:00:00,0.4025872869950731,0.6274309348901804,0.4159317486321683,0.1548041805781038,PETN,Low
2025-01-12 16:00:00,0.47290460082836455,0.7769745907636546,0.5686196984727943,0.7562280887353213,TNT,Medium
2025-01-12 17:00:00,0.550239449953766,0.6911086321861707,0.44425147538378695,0.6902592397902707,PETN,Medium
2025-01-12 18:00:00,0.6804743377328557,0.5346499528269476,0.6049497319772854,0.21112930858819365,RDX,Medium
2025-01-12 19:00:00,0.2824150227605568,0.4068486356115486,0.585080014794336,0.5662983372543722,TNT,Low
2025-01-12 20:00:00,0.7575840993163803,0.6501563412044983,0.3354580750914735,0.3525696708197541,PETN,High
2025-01-12 21:00:00,0.18172818621891945,0.5950364438822443,0.6608314132533835,0.489919625820204,TNT,Low
2025-01-12 22:00:00,0.43550644971254854,0.6857835474454185,0.3997586881498947,0.49542767943394544,TNT,Low
2025-01-12 23:00:00,0.5398343921298505,0.6387518111405673,0.6160959666534325,0.4006968603683913,PETN,Low
2025-01-13 00:00:00,0.49651251598031804,0.7137035362097702,0.5451483625049249,0.3022519544711734,TNT,Medium
2025-01-13 01:00:00,0.36912436592286685,0.42705281201052847,0.7819078019714567,0.31895780117124994,PETN,Low
2025-01-13 02:00:00,0.4275649266497454,0.7621497136042762,0.45005912124284464,0.2785211761691089,RDX,Medium
2025-01-13 03:00:00,0.38740722559857504,0.5596053303849636,0.42980183537245154,0.2936402240902619,TNT,Low
2025-01-13 04:00:00,0.3738233747149194,0.8992299281779844,0.4829029754557226,0.4306643814366041,RDX,Medium
2025-01-13 05:00:00,0.576666212485506,0.39920641981798943,0.4372281732679113,0.3144385687791895,RDX,Low
2025-01-13 06:00:00,0.5072291258986563,0.837859098031091,0.6147896101242836,0.5649264290584508,TNT,Medium
2025-01-13 07:00:00,0.35922725751963674,0.5596616152785662,0.22586309959372386,0.7092171753882468,PETN,Medium
2025-01-13 08:00:00,0.5837141102375731,0.40603808763204174,0.3164252479813072,0.33875721215454874,TNT,Low
2025-01-13 09:00:00,0.5837141102375731,0.4363407022068685,0.31415237388617356,0.48560400436160345,RDX,Low
2025-01-13 10:00:00,0.5714871901796457,0.465920960913495,0.638992876494946,0.5322462784698311,RDX,Low
2025-01-13 11:00:00,0.5456578545274078,0.6005858330936568,0.7613737422852935,0.5272855148394562,PETN,Low
2025-01-13 12:00:00,0.34004408327494456,0.6184328239029308,0.46921638003675525,0.4563139088857374,TNT,Low
2025-01-13 13:00:00,0.37793723453413014,0.4200954391000483,0.4588548083462598,0.5757913856526825,RDX,Low
2025-01-13 14:00:00,0.5622443758967164,0.5194590557846718,0.49730459232277724,0.5291217197716677,RDX,Low
2025-01-13 15:00:00,0.5429430843463445,0.9113503623133546,0.6730478677941392,0.2209136751285393,RDX,Medium
2025-01-13 16:00:00,0.4539563401332494,0.8363360042939257,0.3367595498659952,0.5984554575973632,PETN,Medium
2025-01-13 17:00:00,0.4734416798649486,0.6027848782286277,0.5243973208508734,0.601705208119297,RDX,Medium
2025-01-13 18:00:00,0.6370077503094873,0.5307381586507468,0.6429992440043009,0.305921890997189,RDX,Medium
2025-01-13 19:00:00,0.3735123185751776,0.5455750600383499,0.5666862744471004,0.4495011866177601,TNT,Low
2025-01-13 20:00:00,0.5340238716747276,0.6348351446608641,0.5165443750234999,0.565155254339732,TNT,Low
2025-01-13 21:00:00,0.42840078778602014,0.3388651964069028,0.647159882178606,0.4051937006403008,RDX,Low
2025-01-13 22:00:00,0.4262174563303895,0.47731088680750544,0.050909258394938206,0.6349803482775811,RDX,Medium
2025-01-13 23:00:00,0.6117909370466379,0.2220567575585184,0.5951414443197436,0.8663085777937697,TNT,High
2025-01-14 00:00:00,0.573256887419332,0.5960742650891248,0.3807470242678406,0.3018540647912871,PETN,Low
2025-01-14 01:00:00,0.5715784669301964,0.6409266938570907,0.1913652069248002,0.19521959447337092,PETN,Low
2025-01-14 02:00:00,0.640928516583855,0.43646720204740863,0.568313354492993,0.49714700743566304,PETN,Medium
2025-01-14 03:00:00,0.4598635071059049,0.808561275277423,0.7071365859154213,0.5720066981069514,PETN,Medium
2025-01-14 04:00:00,0.5530336845239872,0.3021521545597138,0.4639047244779064,0.40133148384021977,PETN,Low
2025-01-14 05:00:00,0.4131662061715578,0.25899337996720573,0.6394060605209404,0.7031269766766438,PETN,Medium
2025-01-14 06:00:00,0.5025985734753409,0.5644622619787364,0.7455454574445639,0.20282462622813563,PETN,Low
2025-01-14 07:00:00,0.4385572030583437,0.7132595908918739,0.6976809787493963,0.5668737156640024,PETN,Medium
2025-01-14 08:00:00,0.4705756773745044,0.8284469938293636,0.7500019142396397,0.3341324950348233,TNT,Medium
2025-01-14 09:00:00,0.5407985618619788,0.44086289622718666,0.6054836468685707,0.7508151751894399,PETN,Medium
2025-01-14 10:00:00,0.34156287795558876,0.7189721251545339,0.49817080915686063,0.7997613939713358,PETN,Medium
2025-01-14 11:00:00,0.7518544537468363,0.51689895351977,0.22817207667223016,0.30531790047975793,PETN,High
2025-01-14 12:00:00,0.31509026317971783,0.492640023209704,0.44642192682838555,0.3442221129454192,RDX,Low
2025-01-14 13:00:00,0.28574556828260994,0.6836974488976474,0.3502975648444391,0.5967408406159167,TNT,Low
2025-01-14 14:00:00,0.6201549110095184,0.6418540360392301,0.835469593213098,0.37332893229230557,TNT,Medium
2025-01-14 15:00:00,0.5684988298229721,0.6418540360392301,0.45771775351970945,0.43456503982651196,TNT,Low
2025-01-14 16:00:00,0.5448812791426478,0.790935519461771,0.5058601849770028,0.44725233200493064,PETN,Medium
2025-01-14 17:00:00,0.545476950542229,0.7734901730138827,0.5747973786739777,0.09869738086696085,PETN,Medium
2025-01-14 18:00:00,0.4551763602268179,0.7734901730138827,0.4930471746926628,0.4402230046258553,RDX,Medium
2025-01-14 19:00:00,0.33042195586943507,0.595455742134218,0.7588687873961533,0.3191035405991463,TNT,Low
2025-01-14 20:00:00,0.46758844727979215,0.6132226248168845,0.3858054895837313,0.3543351395060155,PETN,Low
2025-01-14 21:00:00,0.36144714564258656,0.5710139571544787,0.3858054895837313,0.7014015212440504,TNT,Medium
2025-01-14 22:00:00,0.5943597079866774,0.4243270152043285,0.36651874272118334,0.21753674656289237,RDX,Low
2025-01-14 23:00:00,0.43617288815527405,0.4023834142099181,0.27355442956314135,0.5884290627234929,RDX,Low
2025-01-15 00:00:00,0.34053714990957823,0.5192420983981868,0.38755680727467023,0.39271258298036027,RDX,Low
2025-01-15 01:00:00,0.4115988130376061,0.7359832217940175,0.48006726492711493,0.3925697179355563,TNT,Medium
2025-01-15 02:00:00,0.5151112766636674,0.6221886618960887,0.4169271654333997,0.5843373380099265,PETN,Low
2025-01-15 03:00:00,0.3774377260493446,0.4568288429351045,0.37457486204770873,0.5036399055361772,PETN,Low
2025-01-15 04:00:00,0.3409990616330321,0.6634463060090036,0.25966416164244777,0.544956552763547,RDX,Low
2025-01-15 05:00:00,0.49125389427297367,0.008630111497681336,0.4726519107561842,0.6162013777794587,PETN,Medium
2025-01-15 06:00:00,0.4914342382013191,0.7316488231046142,0.24382496421268485,0.38333228007420056,RDX,Medium
2025-01-15 07:00:00,0.38544186853481094,0.20919107308681018,0.6083694620987217,0.3329899315644588,TNT,Low
2025-01-15 08:00:00,0.3905031704337209,0.45830721636204663,0.499298532137594,0.24824380030997004,RDX,Low
2025-01-15 09:00:00,0.4896134550211548,0.3213423744772692,0.2514173932787074,0.29478919655796443,TNT,Low
2025-01-15 10:00:00,0.25277463971456443,0.28968691092080723,0.4362576818353503,0.9711803226760961,RDX,High
2025-01-15 11:00:00,0.25850068620682537,0.7338303890203931,0.3649596870694012,0.9711803226760961,PETN,High
2025-01-15 12:00:00,0.3556277889263813,0.43926812020256867,0.5374039961792576,0.2005902596487781,PETN,Low
2025-01-15 13:00:00,0.4268143060926189,0.5865385989475481,0.7017913208554489,0.20571831899759474,RDX,Low
2025-01-15 14:00:00,0.5007295589453391,0.5153774015161962,0.1841959973529299,0.5290531057276678,PETN,Low
2025-01-15 15:00:00,0.6648751528673982,0.6101496508274192,0.1841959973529299,0.540772556353225,PETN,Medium
2025-01-15 16:00:00,0.5778020353652755,0.5377594931643687,0.46025340153397565,0.5410626878825326,PETN,Low
2025-01-15 17:00:00,0.43435710713124837,0.29180122057717106,0.5940895139954847,0.3970146608614531,TNT,Low
2025-01-15 18:00:00,0.4542221121056516,0.7040653755560341,0.520345510887168,0.42022133012009044,PETN,Medium
2025-01-15 19:00:00,0.31558194875017304,0.4345553167102244,0.3649897989803321,0.5014587248007746,TNT,Low
2025-01-15 20:00:00,0.4542930272442501,0.24231530704235538,0.4346730268822583,0.45809475117675996,RDX,Low
2025-01-15 21:00:00,0.41621217758893864,0.4464283004013764,0.3578983420709676,0.04500419651071795,PETN,Low
2025-01-15 22:00:00,0.5023944865865635,0.7953162445785796,0.6592258140021698,0.40152264418838046,PETN,Medium
2025-01-15 23:00:00,0.34029275365280104,0.6776492687234655,0.48945918787035936,0.2901307316255778,PETN,Low
2025-01-16 00:00:00,0.5301119924101472,0.46080128603786774,0.792049579797947,0.4741006068869857,RDX,Low
2025-01-16 01:00:00,0.6729640597621249,0.460691752736614,0.47626467957391583,0.9776610133763878,TNT,High
2025-01-16 02:00:00,0.44157142767566665,0.4656880386001164,0.37200174671993835,0.5085554268260776,TNT,Low
2025-01-16 03:00:00,0.5135296958875202,0.8994989114402981,0.2423772627627514,0.3865182218161199,PETN,Medium
2025-01-16 04:00:00,0.5541883253142668,0.5929473336251131,0.1957905897461174,0.6078895177554325,RDX,Medium
2025-01-16 05:00:00,0.4003449867912467,0.6016486086599148,0.23104202038112476,0.5292003768203611,RDX,Low
2025-01-16 06:00:00,0.4884917385200532,0.7102181817284811,0.529026232575049,0.5179836428057543,RDX,Medium
2025-01-16 07:00:00,0.4586777949213278,0.5670555484103895,0.5679145571409521,0.5514503284120083,RDX,Low
2025-01-16 08:00:00,0.47067155186960125,0.47700961756810945,0.2315160942991099,0.8112352467552167,RDX,High
2025-01-16 09:00:00,0.3479359970463615,0.48834917408302425,0.6300965846960338,0.2400475690201909,TNT,Low
2025-01-16 10:00:00,0.4603577745437564,0.5109132490393521,0.4082739998515095,0.5275775759854407,TNT,Low
2025-01-16 11:00:00,0.5271026568428416,0.5171316027039711,0.5096570060042467,0.2766952693676197,TNT,Low
2025-01-16 12:00:00,0.6614620413442263,0.6554752340287068,0.7455361812075267,0.5422505705339157,PETN,Medium
2025-01-16 13:00:00,0.5921255791531761,0.5332600110570164,0.6303864787937741,0.27807414467201996,RDX,Low
2025-01-16 14:00:00,0.760424399031123,0.6563815212704062,0.44280539132883234,0.3679106130332315,PETN,High
2025-01-16 15:00:00,0.3487341675990397,0.509264502709276,0.34258010711619136,0.3898226281559923,RDX,Low
2025-01-16 16:00:00,0.5798687136758445,0.5380874761935545,0.13966680612789162,0.6175690423912414,TNT,Medium
2025-01-16 17:00:00,0.48274737951401875,0.16243689388487403,0.370271952718376,0.6072897250991279,PETN,Medium
2025-01-16 18:00:00,0.7655865757638727,0.6896062713792132,0.45204471574128036,0.21947022769583518,TNT,High
2025-01-16 19:00:00,0.34296158101645585,0.586535812396091,0.3271297325551501,0.45254691846783845,RDX,Low
2025-01-16 20:00:00,0.338531983891414,0.7043806956381474,0.4649013326417375,0.31554604859174984,RDX,Medium
2025-01-16 21:00:00,0.3724098012510531,0.0,0.49839909353934075,0.2171787021104,RDX,Low
2025-01-16 22:00:00,0.15750941639854504,0.9016019108392807,0.4498353831906172,0.4038132820032278,TNT,Medium
2025-01-16 23:00:00,0.3827900713244479,0.49861575812198156,0.38140264178269234,0.3874226256704948,RDX,Low
2025-01-17 00:00:00,0.34989217474428663,0.7243083374871783,0.5131759176636734,0.877570218416037,TNT,High
2025-01-17 01:00:00,0.4781028595403974,0.3357697932260164,0.5571647645202802,0.5202891102696919,PETN,Low
2025-01-17 02:00:00,0.5050780809729369,0.634700560384808,0.3105152357916623,0.19583373107639696,RDX,Low
2025-01-17 03:00:00,0.7213756727900156,0.33332621898420145,0.7131362827005532,0.34149525080537846,RDX,Medium
2025-01-17 04:00:00,0.590878470419405,0.4110391467905683,0.47015979626274174,0.6257345708714979,RDX,Medium
2025-01-17 05:00:00,0.3755799441166284,0.8700673143477523,0.4890628935796073,0.816951583468058,PETN,High
2025-01-17 06:00:00,0.3302583951062867,0.48937428169408215,0.6000249081522497,0.1584945865942696,RDX,Low
2025-01-17 07:00:00,0.5262457184807128,0.5631927004542968,0.5235679040025119,0.10582035893604032,TNT,Low
2025-01-17 08:00:00,0.27079707494854904,0.6812389395564259,0.6394482467035729,0.7779796073229046,TNT,Medium
2025-01-17 09:00:00,0.715072870318737,0.613521378661188,0.5322450863082295,0.5125215720087967,RDX,Medium
2025-01-17 10:00:00,0.6231615716716039,0.5510714556219704,0.3874492385251145,0.28710470781694897,RDX,Medium
2025-01-17 11:00:00,0.39076573793028585,0.5898770563750243,0.5442173883824992,0.5385082374381154,PETN,Low
2025-01-17 12:00:00,0.21541204720247759,0.9585853690066563,0.3019315573677801,0.019028824355153847,PETN,Medium
2025-01-17 13:00:00,0.6477502779297255,0.5134423464027728,0.5035028700825848,0.4433076187699645,PETN,Medium
2025-01-17 14:00:00,0.44075669723467353,0.5602382968362146,0.48068001873681965,0.501448268247401,RDX,Low
2025-01-17 15:00:00,0.6313905258404926,0.7139028042391226,0.45252975775080273,0.6083318975004207,PETN,Medium
2025-01-17 16:00:00,0.23214546838411027,0.7238277699319876,0.46533906354662236,0.26101261696255657,PETN,Medium
2025-01-17 17:00:00,0.37241228539161614,0.7385699868782504,0.18312131772518825,0.4580578637813048,TNT,Medium
2025-01-17 18:00:00,0.4576418910201621,0.6393954453784575,0.39770456876153304,0.2768666748294137,PETN,Low
2025-01-17 19:00:00,0.4635252996649167,0.3171216205673246,0.5009733728118064,0.48846748619723207,TNT,Low
2025-01-17 20:00:00,0.39345958960428046,0.8193134306906874,0.5117597228278896,0.28225670556193155,TNT,Medium
2025-01-17 21:00:00,0.5447022708378879,0.31651740654124205,0.3206114495157948,0.3695710752563804,PETN,Low
2025-01-17 22:00:00,0.30640643768822046,0.5786038379971842,0.6897605498630242,0.26425265209158666,TNT,Low
2025-01-17 23:00:00,0.43683230417612057,0.38743353136211245,0.3466069715169624,0.559386314743372,RDX,Low
2025-01-18 00:00:00,0.4738600966809005,0.5122631137931856,0.6420752490535406,0.5965371314227609,RDX,Low
2025-01-18 01:00:00,0.5294201851094231,0.583329585585748,0.554791162343804,0.4006587320578323,PETN,Low
2025-01-18 02:00:00,0.5572149520293415,0.5819901606497645,0.3820103195655875,0.4495549751895146,RDX,Low
2025-01-18 03:00:00,0.29836842361239096,0.600179730832518,0.7717876293257504,0.18311520875293724,TNT,Low
2025-01-18 04:00:00,0.24064751208300833,0.8157465006024599,0.2938978088597679,0.38900068566131063,RDX,Medium
2025-01-18 05:00:00,0.6370094314642731,0.8157465006024599,0.6339783383855391,0.43370606291165303,PETN,Medium
2025-01-18 06:00:00,0.5037471019267219,0.47970205502371044,0.6470852317823486,0.9123487376525272,PETN,High
2025-01-18 07:00:00,0.3513928974327422,0.6982448363200336,0.3780839728201215,0.24343828480042132,TNT,Low
2025-01-18 08:00:00,0.6755596427272925,0.7390113584439221,0.7101637718269842,0.7050832265257946,PETN,Medium
2025-01-18 09:00:00,0.47320870139182497,0.30181895272587445,0.4457806471997898,0.6213397775873551,RDX,Medium
2025-01-18 10:00:00,0.6231414227174146,0.6319197965218982,0.532497711472466,0.4929927597820686,PETN,Medium
2025-01-18 11:00:00,0.4664204069429752,0.6506898232292645,0.5279309116729252,0.7578474434819445,TNT,Medium
2025-01-18 12:00:00,0.7473944373923869,0.6506898232292645,0.46441011082002603,0.5093840128659404,PETN,Medium
2025-01-18 13:00:00,0.7043429667442556,0.7726971130816639,0.6165386904963412,0.5124400393071354,RDX,Medium
2025-01-18 14:00:00,0.42180768040593236,0.49672271322887773,0.6137508886707153,0.4331835093898436,TNT,Low
2025-01-18 15:00:00,0.5938594566407049,0.5465780425653143,0.20458039267091976,0.6619662193892508,RDX,Medium
2025-01-18 16:00:00,0.5478776332498592,0.4925596192498439,0.6959789253200483,0.639189967809404,TNT,Medium
2025-01-18 17:00:00,0.6498307946762205,0.526682108526679,0.21842962037671043,0.3305813850453237,PETN,Medium
2025-01-18 18:00:00,0.32088303562022374,0.3255739429192245,0.6522302249930121,0.20629368743625007,TNT,Low
2025-01-18 19:00:00,0.5536114247804029,0.26339301692408135,0.6673863003161529,0.40632860661602244,TNT,Low
2025-01-18 20:00:00,0.6061026974372885,0.8122725513642287,0.31042391316166373,0.29933585170205973,PETN,Medium
2025-01-18 21:00:00,0.20898338004021028,0.37066891272794944,0.4199030334866549,0.43131912708568765,RDX,Low
2025-01-18 22:00:00,0.29010560566914007,0.3445447541760017,0.30805160664262843,0.6644515888004485,PETN,Medium
2025-01-18 23:00:00,0.1694439470588875,0.13436678969180127,0.4514345397399069,0.3607542911523132,TNT,Low
2025-01-19 00:00:00,0.418925993158262,0.40829113027650865,0.4364467796582261,0.4350287800379556,PETN,Low
2025-01-19 01:00:00,0.5580505001945597,0.28454851688080707,0.6115250662483049,0.45310039972187455,TNT,Low
2025-01-19 02:00:00,0.668681304488052,0.8208660063340939,0.6969396316737146,0.5947415058387906,PETN,Medium
2025-01-19 03:00:00,0.4673474297923708,0.7065162995016031,0.7106818319801533,0.04006025584018595,PETN,Medium
2025-01-19 04:00:00,0.6864792343281929,0.39939407417632544,0.395540728153982,0.3339820613288766,RDX,Medium
2025-01-19 05:00:00,0.262357793716226,0.9312766909734674,0.4523518913238931,0.4805647567281046,TNT,Medium
2025-01-19 06:00:00,0.2167867429091484,0.7014424268448963,0.2150580629473211,0.6577568256588904,RDX,Medium
2025-01-19 07:00:00,0.44907247903329844,0.4651098975438118,0.3563137915704431,0.35455383063460694,TNT,Low
2025-01-19 08:00:00,0.511042202785152,0.07178073574355104,0.6413339245182996,0.10642456368565908,PETN,Low
2025-01-19 09:00:00,0.45229392737968815,0.9382416561467531,0.7460773692155342,0.5537549926733547,TNT,Medium
2025-01-19 10:00:00,0.16546735741559632,0.2725233707139336,0.2873446892525351,0.32884581530243717,RDX,Low
2025-01-19 11:00:00,0.44433998028086436,0.22625043586707227,0.39066416497739453,0.22951451384230287,RDX,Low
2025-01-19 12:00:00,0.27301919351551546,0.708823078124441,0.4817784657670714,0.3308200610709168,RDX,Medium
2025-01-19 13:00:00,0.5513025843704689,0.9651578421477193,0.5311243020510332,0.4096357919539424,TNT,Medium
2025-01-19 14:00:00,0.5085799521900702,0.7742465012061642,0.35571284485367727,0.4096357919539424,RDX,Medium
2025-01-19 15:00:00,0.32441329758534915,0.6258620743177202,0.35571284485367727,0.04746538528592774,RDX,Low
2025-01-19 16:00:00,0.38446586866072335,0.6314412467504881,0.40975835025805907,0.6034569521440551,RDX,Medium
2025-01-19 17:00:00,0.3075915108316262,0.6782269547626975,0.4837025310748402,0.6711602808567183,PETN,Medium
2025-01-19 18:00:00,0.44806720703555475,0.6611364926068469,0.573960191099637,0.5594554410400692,PETN,Low
2025-01-19 19:00:00,0.591543607590665,0.5747251171567197,0.48706255335492443,0.23882950478196685,TNT,Low
2025-01-19 20:00:00,0.31795061537998565,0.5427117464408305,0.41578695947771394,0.4065954538900689,TNT,Low
2025-01-19 21:00:00,0.5279552400496783,0.5125426073771641,0.46838571831627007,0.44153410872305904,RDX,Low
2025-01-19 22:00:00,0.38215536630135455,0.3874898311567525,0.47180566765576515,0.5500066570627441,PETN,Low
2025-01-19 23:00:00,0.3451360179540544,0.473096731026175,0.42647083578059153,0.5624693150490495,RDX,Low
2025-01-20 00:00:00,0.4418152659597679,0.2176483041974615,0.4443722963820491,0.31113881487640493,RDX,Low
2025-01-20 01:00:00,0.31097059222726436,0.5060769095875058,0.7433513608974991,0.45739632832544713,PETN,Low
2025-01-20 02:00:00,0.3788579754315628,0.34505143278067685,0.5763159122910935,0.5246473570291198,PETN,Low
2025-01-20 03:00:00,0.28804479620582907,0.3242509713198135,0.43846749985598166,0.7035860258283584,PETN,Medium
2025-01-20 04:00:00,0.7338586595811858,0.5564028318088926,0.5982124652140612,0.5689502698563809,TNT,Medium
2025-01-20 05:00:00,0.461873616027436,0.7756445794693397,0.4322963235355033,0.5841016526715554,TNT,Medium
2025-01-20 06:00:00,0.35826645770918125,0.6899660220990472,0.6748581081562861,0.4577244562625532,RDX,Low
2025-01-20 07:00:00,0.48706622784300063,0.2397977418905708,0.5455274101372467,0.6954569464655228,TNT,Medium
2025-01-20 08:00:00,0.44106848126714454,0.34486385863965097,0.4687571654712954,0.5161322035958004,PETN,Low
2025-01-20 09:00:00,0.4257539101155577,0.6940275258994469,0.5580945294983053,0.2883958115571117,PETN,Low
2025-01-20 10:00:00,0.5434782457835747,0.3461554504840445,0.2331763520361676,0.6941865665955079,TNT,Medium
2025-01-20 11:00:00,0.5636841992132646,0.4832333926262934,0.30466128156870553,0.567766964641965,RDX,Low
2025-01-20 12:00:00,0.3821210373926674,0.6233556663337286,0.29385142349330806,0.3633092585462041,RDX,Low
2025-01-20 13:00:00,0.3757329487961643,0.3487135742207532,0.5090373129611976,0.35677760893759464,TNT,Low
2025-01-20 14:00:00,0.4181302694991829,0.5429241680738613,0.7648990871281001,0.4958490531031115,RDX,Low
2025-01-20 15:00:00,0.13241419934624482,0.2825705066344504,0.8451848874656847,0.5257054235808104,RDX,Low
2025-01-20 16:00:00,0.24331499328629164,0.41509101616623667,0.5887312309377108,0.47805749367275674,RDX,Low
2025-01-20 17:00:00,0.649583079652613,0.5817052294485477,0.5666460828682673,0.4984892290630227,PETN,Medium
2025-01-20 18:00:00,0.6887843048984292,0.23572926568096775,0.1961257047532854,0.7473350167540279,PETN,Medium
2025-01-20 19:00:00,0.42179754633641525,0.6035357084881882,0.3986785714006942,0.6347232150599387,TNT,Medium
2025-01-20 20:00:00,0.5381766186075494,0.5203122123504448,0.3592250134691639,0.476864617911808,PETN,Low
2025-01-20 21:00:00,0.5007778517282544,0.623796616824282,0.38609550628577693,0.6113855438379964,RDX,Medium
2025-01-20 22:00:00,0.890914743480367,0.5643650075465457,0.4589639256969704,0.2576744889001028,PETN,High
2025-01-20 23:00:00,0.6147227192393994,0.770605027381171,0.4589639256969704,0.5140112384179019,TNT,Medium
2025-01-21 00:00:00,0.43887091369461845,0.5465143829697517,0.16743538019598248,0.7669303484126897,PETN,Medium
2025-01-21 01:00:00,0.3222057056972248,0.44619490109229953,0.6064144563020903,0.40362891302908355,RDX,Low
2025-01-21 02:00:00,0.23045126716558834,0.545984957836383,0.31335720141781565,0.29080676447470233,RDX,Low
2025-01-21 03:00:00,0.48558380937664086,0.6221340145148563,0.5245386270011636,0.32584842726142843,TNT,Low
2025-01-21 04:00:00,0.3502843253966587,0.532701859882628,0.8198787391038564,0.24744053456960372,PETN,Low
2025-01-21 05:00:00,0.2564158345492434,0.5312063052894717,0.3380421879411699,0.302073427850495,PETN,Low
2025-01-21 06:00:00,0.3657590757682451,0.39689050204455567,0.07874691431874936,0.37630769275439624,PETN,Low
2025-01-21 07:00:00,0.30444314807341516,0.40396109957579396,0.4399927978092677,0.19082517857335707,RDX,Low
2025-01-21 08:00:00,0.6947293187865944,0.2701660439457395,0.6632422350145291,0.4455015329064892,TNT,Medium
2025-01-21 09:00:00,0.5811823761744077,0.8403213575230478,0.8012496871616506,0.6043907589809758,PETN,Medium
2025-01-21 10:00:00,0.45577885983702165,0.2988787309403451,0.2881171938707112,0.28003285957925333,RDX,Low
2025-01-21 11:00:00,0.6655218856974916,0.39853403358455586,0.565978851991062,0.7149583420947159,RDX,Medium
2025-01-21 12:00:00,0.46780887999922244,0.3939213115466086,0.4111311834057787,0.5342366484913682,RDX,Low
2025-01-21 13:00:00,0.33549246278885864,0.685734920078176,0.46897507510689707,0.6273827248799555,PETN,Medium
2025-01-21 14:00:00,0.6716087119586718,0.4705147926060228,0.9116694333088802,0.32481880429340443,PETN,Medium
2025-01-21 15:00:00,0.5328697500459052,0.7495513123384471,0.2441066562707377,0.5958336121765856,PETN,Medium
2025-01-21 16:00:00,0.31068812362881976,0.40204567162414406,0.5268714266940577,0.24702822000919197,PETN,Low
2025-01-21 17:00:00,0.4300717740144005,0.5743276843772663,0.5613099598390789,0.6022350421042028,PETN,Medium
2025-01-21 18:00:00,0.33347187434522757,0.3727696645276919,0.6607998981688681,0.4734963304541926,PETN,Low
2025-01-21 19:00:00,0.26197743380726196,0.9118710636961432,0.501800439743036,0.5418453230276391,PETN,Medium
2025-01-21 20:00:00,0.5874606110099281,0.3090557079878625,0.5356134518662472,0.23203622521984302,PETN,Low
2025-01-21 21:00:00,0.7260621411765422,0.5799034791948633,0.42298799947286625,0.2823062507815611,PETN,Medium
2025-01-21 22:00:00,0.25975473216449946,0.6384995029065327,0.5293482046774116,0.5497259992314215,RDX,Low
2025-01-21 23:00:00,0.5362612353816107,0.5987107148466669,0.43078765470362157,0.2727588064453827,PETN,Low
2025-01-22 00:00:00,0.36518539582038917,0.49035006314859564,0.5860786926659785,0.5257092758121001,TNT,Low
2025-01-22 01:00:00,0.3882354680376194,0.5003827266603257,0.4265353325398209,0.1977116918444592,RDX,Low
2025-01-22 02:00:00,0.3733963705150402,0.5317886876229859,0.5467279023669107,0.5946955106684778,PETN,Low
2025-01-22 03:00:00,0.335110933496828,0.4972750347430849,0.48131858622299006,0.22183460298268393,TNT,Low
2025-01-22 04:00:00,0.4637425303435307,0.6982072047162992,0.6672808880932024,0.5416748532793321,PETN,Low
2025-01-22 05:00:00,0.3397684833579417,0.9236956542017783,0.47775633537103346,0.5548157646117295,TNT,Medium
2025-01-22 06:00:00,0.49502745202604065,0.42302712328042014,0.2006367270260796,0.5548157646117295,TNT,Low
2025-01-22 07:00:00,0.4498209411594107,0.2760992042512618,0.6891510903565532,0.5470018639939199,TNT,Low
2025-01-22 08:00:00,0.4232195923404655,0.5078960881006805,0.34023969741882354,0.48937397055283394,TNT,Low
2025-01-22 09:00:00,0.3289687147847146,0.9904727470871747,0.38079681718811287,0.34614229061097396,RDX,Medium
2025-01-22 10:00:00,0.3755985972200793,0.37849846943059795,0.3901495616324553,0.26196977199786287,RDX,Low
2025-01-22 11:00:00,0.5633858506693683,0.820341762391139,0.7072620640619292,0.09100028835187163,TNT,Medium
2025-01-22 12:00:00,0.527514116789281,0.827320698707719,0.14226493510866334,0.5053600016138952,PETN,Medium
2025-01-22 13:00:00,0.3191024060317695,0.4237331821131909,0.991089260787362,0.16229013861090522,TNT,Low
2025-01-22 14:00:00,0.4709050177778871,0.6267798337449207,0.6560145552385634,0.4597884045835638,RDX,Low
2025-01-22 15:00:00,0.5628214154968356,0.818402734479471,0.5219619442660246,0.3954928191085337,PETN,Medium
2025-01-22 16:00:00,0.22157630646061516,0.45528896823919507,0.47719292135513314,0.5644050843660386,RDX,Low
2025-01-22 17:00:00,0.5334970617781827,0.4870413453292147,0.5319923603385064,0.3885761875771313,RDX,Low
2025-01-22 18:00:00,0.3634964767621945,0.41865188088298266,0.5699100768574112,0.3836656989474616,PETN,Low
2025-01-22 19:00:00,0.5373367122860537,0.3403186891686082,0.5898844456567787,0.5738539269547425,TNT,Low
2025-01-22 20:00:00,0.34931048660374914,0.4064252460540756,0.5754603984862641,0.5027451125754417,TNT,Low
2025-01-22 21:00:00,0.20247892249201288,0.3024823256477792,0.5004479551891166,0.4993578621013361,TNT,Low
2025-01-22 22:00:00,0.22747746943471986,0.5300291213971077,0.4542646839887894,0.5267954601016869,TNT,Low
2025-01-22 23:00:00,0.4636809739077509,0.3845942456970576,0.46167945242831365,0.1675282695067175,PETN,Low
2025-01-23 00:00:00,0.49351429642586403,0.5661505790961018,0.4546558458597403,0.5783192271313412,PETN,Low
2025-01-23 01:00:00,0.32942643080845097,0.24243943391144285,0.6685234953085626,0.5524571097540613,PETN,Low
2025-01-23 02:00:00,0.5469214037705994,0.5837126495744432,0.5815692958541234,0.2605131550919989,RDX,Low
2025-01-23 03:00:00,0.2226878401724987,0.6746299387933378,0.01273593502835979,0.39896351771747135,PETN,Low
2025-01-23 04:00:00,0.44758782982457795,0.16324451457019884,0.5916043627054535,0.43565886387533087,TNT,Low
2025-01-23 05:00:00,0.2861927650049348,0.59152222979706,0.5173740697978957,0.41860091013560774,RDX,Low
2025-01-23 06:00:00,0.3650171495732705,0.7459205659913984,0.4830173956960522,0.5025304198240282,TNT,Medium
2025-01-23 07:00:00,0.463584233640189,0.30506872206432767,0.4234918311046343,0.6992035940525803,TNT,Medium
2025-01-23 08:00:00,0.33561521951113765,0.8263930872859929,0.6669690179205006,0.6365552793399807,PETN,Medium
2025-01-23 09:00:00,0.402694145291786,0.5996548736865862,0.638545218345179,0.20755310494404575,PETN,Low
2025-01-23 10:00:00,0.5987539962492692,0.39634422495860566,0.3616243369023735,0.5541776437179209,TNT,Low
2025-01-23 11:00:00,0.3755816055405356,0.5137769169719121,0.5515490397541285,0.6808475220020306,TNT,Medium
2025-01-23 12:00:00,0.5747054023292313,0.6248523847534907,0.3296283230532637,0.5120187984517564,RDX,Low
2025-01-23 13:00:00,0.2976544732804833,0.5376118076530184,0.26396175268623523,0.6382063735392062,PETN,Medium
2025-01-23 14:00:00,0.531586148795516,0.6213124673186762,0.3851507154246079,0.8033015057059902,RDX,High
2025-01-23 15:00:00,0.6601123107669287,0.35733610776097635,0.6248419830713701,0.6261514348931596,RDX,Medium
2025-01-23 16:00:00,0.10848928204055813,0.5544976015915127,0.6394463813814255,0.48737881777992514,RDX,Low
2025-01-23 17:00:00,0.3445690002107315,0.26815664737746037,0.5686164183623532,0.6299825378699423,TNT,Medium
2025-01-23 18:00:00,0.5382492383157091,0.5037460577841933,0.6027421778938944,0.46866662160996847,RDX,Low
2025-01-23 19:00:00,0.4282805828593707,0.3603686726175688,0.5691142545659602,0.44698615246409507,RDX,Low
2025-01-23 20:00:00,0.4282805828593707,0.39082422348521784,0.38277420257017525,0.3797293121629894,TNT,Low
2025-01-23 21:00:00,0.3717624172605302,0.747444301780542,0.5555522233796566,0.7228663349883363,PETN,Medium
2025-01-23 22:00:00,0.46910877869463014,0.7212564650652463,0.6148648800275538,0.2960403462939697,PETN,Medium
2025-01-23 23:00:00,0.4349577971895681,0.6340429328603309,0.6074415711070955,0.7173029586793311,RDX,Medium
2025-01-24 00:00:00,0.6215182024887689,0.3262906334715443,0.6773995052786432,0.5322783576701429,TNT,Medium
2025-01-24 01:00:00,0.4927669522908033,0.4666334074322088,0.6000393020711599,0.19194712161716584,PETN,Low
2025-01-24 02:00:00,0.5044926123534654,0.7432849631608175,0.5425988573743581,0.5085854656699562,RDX,Medium
2025-01-24 03:00:00,0.39884280241105213,0.5494974707851384,0.6582830715613497,0.0663780680208526,RDX,Low
2025-01-24 04:00:00,0.3881676867594897,0.9433761884222841,0.4817598742074267,0.5547937379237591,TNT,Medium
2025-01-24 05:00:00,0.3959274901604238,0.5950061387611175,0.3440798889476895,0.6013361719210393,RDX,Medium
2025-01-24 06:00:00,0.5125063549068025,0.5586013780984261,0.4597811098908906,0.33655256628281366,PETN,Low
2025-01-24 07:00:00,0.3975589687207574,0.46795235546731495,0.36612727193807615,0.4648424699494164,TNT,Low
2025-01-24 08:00:00,0.4977506031820444,0.5480186237922092,0.3773502942593083,0.7928876564566374,PETN,Medium
2025-01-24 09:00:00,0.749459968288726,0.4962860325145254,0.4627666931155616,0.35207294041769,PETN,Medium
2025-01-24 10:00:00,0.579700129874589,0.651944370022966,0.35847876320792693,0.2529465339431578,PETN,Low
2025-01-24 11:00:00,0.4109450646193286,0.6969090910175305,0.4364584904259772,0.7082167463127623,RDX,Medium
2025-01-24 12:00:00,0.6262308985720195,0.3816972878816204,0.18122749161326368,0.794398268510195,RDX,Medium
2025-01-24 13:00:00,0.3993786910109279,0.2830756114435832,0.5203611370061907,0.4433649923691572,PETN,Low
2025-01-24 14:00:00,0.16960008502968188,0.1917380215312544,0.48622284407272787,0.6239568607011569,PETN,Medium
2025-01-24 15:00:00,0.31479861816157356,0.6157478655789467,0.35450802120769964,0.6830951546665306,TNT,Medium
2025-01-24 16:00:00,0.19318799618457078,0.32429125448979756,0.592142765513195,0.3096495855030254,TNT,Low
2025-01-24 17:00:00,0.4073518934782408,0.13445714118552443,0.636942621543966,0.35573594324690155,RDX,Low
2025-01-24 18:00:00,0.45949904941357905,0.5941489230525018,0.2272716429227586,0.6632753881038597,RDX,Medium
2025-01-24 19:00:00,0.6932203922907341,0.9747889875505772,0.3632585732968394,0.7446572146153393,TNT,Medium
2025-01-24 20:00:00,0.5029877786812627,0.522766142007903,0.36222558375192193,0.5435709541366437,PETN,Low
2025-01-24 21:00:00,0.42601738220921864,0.6755274136040569,0.33473947339640375,0.2850400337157298,RDX,Low
2025-01-24 22:00:00,0.5738192264174979,0.5386652258225341,0.6195433116710305,0.7987839941340538,PETN,Medium
2025-01-24 23:00:00,0.14521175653423174,0.505977422796762,0.454830030282416,0.347552766015263,TNT,Low
2025-01-25 00:00:00,0.49011593899894906,0.6901034659074511,0.44345178637211546,0.38264605211895136,RDX,Low
2025-01-25 01:00:00,0.5655671264815652,0.47136041400036277,0.16348172535736438,0.5040496533919141,RDX,Low
2025-01-25 02:00:00,0.24847496261983265,0.5722291839291093,0.5883074047019718,0.721208208874522,TNT,Medium
2025-01-25 03:00:00,0.6181311116495636,0.582051765475411,0.2865544392143988,0.5957351865079611,RDX,Medium
2025-01-25 04:00:00,0.5046185984778697,0.40302243500507906,0.495675725065972,0.5170466080058836,TNT,Low
2025-01-25 05:00:00,0.39836198082371826,0.7033012686754242,0.5306761463638594,0.5257240128615751,RDX,Medium
2025-01-25 06:00:00,0.5461023181166909,0.49221813684464133,0.7050440790660488,0.4505005548872968,TNT,Low
2025-01-25 07:00:00,0.7769891607539339,0.38716776796405517,0.27535755169194687,0.542721305198448,RDX,High
2025-01-25 08:00:00,0.48253935147298427,0.620906192011404,0.0,0.0,PETN,Low
2025-01-25 09:00:00,0.49189293790923566,0.3613525786395867,0.515621725304058,0.389550684187197,PETN,Low
2025-01-25 10:00:00,0.3921492668536278,0.5289615326917682,0.7758439356863889,0.485947608520522,PETN,Low
2025-01-25 11:00:00,0.33710506974530835,0.522214815368072,0.6854529487035137,0.23644105370906654,RDX,Low
2025-01-25 12:00:00,0.5739503563179889,0.7202770999289926,0.5197761515636614,0.5119318501168907,RDX,Medium
2025-01-25 13:00:00,0.33622552964487135,0.6097259308118989,0.4068937232001133,0.4060614941005348,PETN,Low
2025-01-25 14:00:00,0.46699099567661756,0.5193374405601087,0.6159454340785331,0.7572838979871763,PETN,Medium
2025-01-25 15:00:00,0.3895701083759537,0.671778845269651,0.3293241896526595,0.7245877954321565,TNT,Medium
2025-01-25 16:00:00,0.5244217337199493,0.7753199538548409,0.5627046367992321,0.359230390122581,TNT,Medium
2025-01-25 17:00:00,0.503937134846028,0.6247589428927821,0.567390645456662,0.41567261668842614,TNT,Low
2025-01-25 18:00:00,0.6031587242156917,0.525736771128099,0.6566830491457338,0.42945132754672466,PETN,Medium
2025-01-25 19:00:00,0.3850086539886925,0.28658402041550224,0.9302311185597532,0.3617653693740971,PETN,Low
2025-01-25 20:00:00,0.41886000768800996,0.3312103088666982,0.5491931382831226,0.4776511969067171,PETN,Low
2025-01-25 21:00:00,0.31893205486417103,0.46865628295178763,0.40410465178641175,0.306818613906737,TNT,Low
2025-01-25 22:00:00,0.39427326487275277,0.41361785785336236,0.4819122973556631,0.24009650859807838,RDX,Low
2025-01-25 23:00:00,0.5100885860654598,0.49004553167495757,0.2012735861118955,0.5542925527505059,PETN,Low
2025-01-26 00:00:00,0.5636110256176186,0.5341108606810475,0.3742059112158316,0.5555144026277212,RDX,Low
2025-01-26 01:00:00,0.3269104028954049,0.6196731415023194,0.42014960416208424,0.29856937849447457,RDX,Low
2025-01-26 02:00:00,0.5794860357702236,0.5111126618904086,0.40167012772090516,0.603150382927905,RDX,Medium
2025-01-26 03:00:00,0.6479991480919101,0.6118608892113012,0.510552257974517,0.3295240261512577,TNT,Medium
2025-01-26 04:00:00,0.5151822449511017,0.5355261261951348,0.35364988059212266,0.48806992793194176,RDX,Low
2025-01-26 05:00:00,0.7214637716686725,0.16654895918351165,0.6664729224247807,0.5897083400122595,PETN,Medium
2025-01-26 06:00:00,0.34782612738515845,0.35396062855263877,0.48606213723914493,0.43667935797907914,TNT,Low
2025-01-26 07:00:00,0.2814509396463974,0.49780218920689345,0.48453180277805075,0.5241922800866659,PETN,Low
2025-01-26 08:00:00,0.2061668074754351,0.3050590046338657,0.43324999099087336,0.3501585580949134,PETN,Low
2025-01-26 09:00:00,0.6677914339428941,0.6323771714487952,0.5110087178821558,0.40749592480765445,TNT,Medium
2025-01-26 10:00:00,0.5491448602375457,0.8007409160312521,0.6188388460093961,0.4058127269470241,PETN,Medium
2025-01-26 11:00:00,0.4490672673022679,0.7443094744941251,0.3464531929921364,0.30891592044946886,PETN,Medium
2025-01-26 12:00:00,0.49636827555406077,0.48525744994278874,0.3800966052614356,0.41102480568311295,TNT,Low
2025-01-26 13:00:00,0.2982490331979411,0.793501393471458,0.437140248050099,0.16519039538853195,PETN,Medium
2025-01-26 14:00:00,0.8016662330215889,0.5507546600354426,0.2693937995226392,0.35468799770774573,RDX,High
2025-01-26 15:00:00,0.47511827989692695,0.4628933319368801,0.3541588563223854,0.39165305193753525,PETN,Low
2025-01-26 16:00:00,0.4723234686989794,0.4129141652307686,0.40937501334389026,0.396795327471593,RDX,Low
2025-01-26 17:00:00,0.5592098418154112,0.4691546006466859,0.6267728445860854,0.3994263961890717,PETN,Low
2025-01-26 18:00:00,0.5247078073490472,0.4536522037294969,0.5282913860509382,0.43163458616633055,TNT,Low
2025-01-26 19:00:00,0.4884623534671007,0.5546884982365333,0.5171895609429811,0.5286186276127133,TNT,Low
2025-01-26 20:00:00,0.3454741032673258,0.5529082691245611,0.6229916347922071,0.5994161503134469,PETN,Low
2025-01-26 21:00:00,0.5233628854187817,0.5244151797296296,0.46391707453821596,0.3262648273464453,TNT,Low
2025-01-26 22:00:00,0.7222008290099171,0.602896026785329,0.5488790811966382,0.22708918644597412,PETN,Medium
2025-01-26 23:00:00,0.6465588021186741,0.7392240303497607,0.4694139562058339,0.2559684141465603,TNT,Medium
2025-01-27 00:00:00,0.6814850244647159,0.6956161537564206,0.5287422458367104,0.355395985548049,RDX,Medium
2025-01-27 01:00:00,0.3848395987625704,0.2552812377890361,0.3922264047366255,0.379638443071918,PETN,Low
2025-01-27 02:00:00,0.31740384704584973,0.06192018319509285,0.09347023049429026,0.30471946609116285,RDX,Low
2025-01-27 03:00:00,0.4391712621203739,0.6928606422295701,0.4644148719812691,0.21043867748281667,RDX,Low
2025-01-27 04:00:00,0.4647579356904657,0.2766281376808435,0.7150381786605919,0.36096589540985174,PETN,Low
2025-01-27 05:00:00,0.611144569091743,0.4832094713804128,0.6351149327604872,0.4752143706764655,RDX,Medium
2025-01-27 06:00:00,0.21832576341096338,0.3122184028019698,0.6414217862445852,0.5493319828924415,PETN,Low
2025-01-27 07:00:00,0.6725145821659131,0.1979285044261706,0.6849997371344116,0.34281254092055496,RDX,Medium
2025-01-27 08:00:00,0.4346292570752372,0.6218020519200015,0.5002993720897351,0.36869353611579536,PETN,Low
2025-01-27 09:00:00,0.3967277606436402,0.6611774738645647,0.517789275106054,0.27663843092847545,PETN,Low
2025-01-27 10:00:00,0.3142322148623002,0.4195871046655516,0.3866098952165231,0.4370688301496187,TNT,Low
2025-01-27 11:00:00,0.22362713979210563,0.05520584216161695,0.4351528694884692,0.29066435327032925,PETN,Low
2025-01-27 12:00:00,0.5729403149078751,0.4250615009858216,0.5851449899217442,0.5454072076867824,PETN,Low
2025-01-27 13:00:00,0.4672379269224228,0.5947323219287742,0.6798092883267088,0.12267552936469729,RDX,Low
2025-01-27 14:00:00,0.2750643870812323,0.2563640361706375,0.4635831594792137,0.3782571062517275,PETN,Low
2025-01-27 15:00:00,0.27434295020977456,0.5570297075375671,0.41356513117680294,0.4966611504027015,TNT,Low
2025-01-27 16:00:00,0.40956908932595654,0.5210950362918377,0.48611378919157033,0.47564586557377214,RDX,Low
2025-01-27 17:00:00,0.6921750316749735,0.6286443836493111,0.5828006647433384,0.925294245227228,RDX,High
2025-01-27 18:00:00,0.42030962505829034,0.5454934923268197,0.2536220483100138,0.5053868775339273,TNT,Low
2025-01-27 19:00:00,0.24501334556515958,0.347859026230113,0.11642933816280276,0.2627761874372451,RDX,Low
2025-01-27 20:00:00,0.4222617380495815,0.7402957640163658,0.39741291373817944,0.42559553914812837,RDX,Medium
2025-01-27 21:00:00,0.4184584521588545,0.4951899692061844,0.28953964831526946,0.12439946134954193,RDX,Low
2025-01-27 22:00:00,0.07673819944398813,0.5189254799661548,0.40423719298429717,0.42825925651504754,RDX,Low
2025-01-27 23:00:00,0.4492490835702742,0.3550580842653853,0.4622416894541459,0.2934191184435352,TNT,Low
2025-01-28 00:00:00,0.42434921145218923,0.4436849318260475,0.41307272309331466,0.606740626256435,TNT,Medium
2025-01-28 01:00:00,0.5550429029998523,0.36382430298486124,0.7198218930504439,0.3442251344919938,RDX,Low
2025-01-28 02:00:00,0.7175393676368944,0.49258236705375447,0.5386225246776775,0.4217782810295028,RDX,Medium
2025-01-28 03:00:00,0.6157080757752516,0.8334718826868329,0.5343939695495692,0.32881079020870285,TNT,Medium
2025-01-28 04:00:00,0.41899903290665946,0.2757196960317593,0.5861809448905859,0.7543048158140916,TNT,Medium
2025-01-28 05:00:00,0.30092215720165233,0.2320090607377051,0.3027191622361798,0.38513603822065884,TNT,Low
2025-01-28 06:00:00,0.8196543701326877,0.7899642092089968,0.6532870389250789,0.7710968717348847,RDX,High
2025-01-28 07:00:00,0.46525039724975753,0.48600251485630264,0.47383358393428665,0.588598688989255,RDX,Low
2025-01-28 08:00:00,0.4588662487346216,0.40284476283413473,0.5939511731268183,0.5290890649976099,PETN,Low
2025-01-28 09:00:00,0.4588662487346216,0.7119584357175287,0.31349978099601117,0.508779692318712,TNT,Medium
2025-01-28 10:00:00,0.48482558045276897,0.41432267209784335,0.23593161258869344,0.508779692318712,RDX,Low
2025-01-28 11:00:00,0.4365530643637216,0.8541462775232443,0.6176785292729363,0.09726388458190234,TNT,Medium
2025-01-28 12:00:00,0.3760369006033038,0.6464850130547556,0.5466166984247067,0.39272683586059387,RDX,Low
2025-01-28 13:00:00,0.379815173800046,0.43561257088466443,0.34083216028776064,0.5941550003241927,TNT,Low
2025-01-28 14:00:00,0.45228567785451873,0.9140703552245545,0.3460454961305146,0.43394035495090477,RDX,Medium
2025-01-28 15:00:00,0.3802992689047356,0.4143046960110591,0.6671818209709954,0.19089276784679404,PETN,Low
2025-01-28 16:00:00,0.35641696844400744,0.6580917608893281,0.294577866400239,0.43331185283639084,PETN,Low
2025-01-28 17:00:00,0.4719055708414048,0.5779991890457948,0.7504378694413205,0.7480783635650318,TNT,Medium
2025-01-28 18:00:00,0.42096005284279553,0.759318495895244,0.3410624688811197,0.6661456700834562,RDX,Medium
2025-01-28 19:00:00,0.6689119129961301,0.806304739794362,0.5887860909134943,0.431591612313157,RDX,Medium
2025-01-28 20:00:00,0.08321083013426905,0.5296530216410854,0.4331334927553101,0.613202397778475,TNT,Medium
2025-01-28 21:00:00,0.6107661271702616,0.3875887196308343,0.5831194806762809,0.3770246858001886,RDX,Medium
2025-01-28 22:00:00,0.6325561421200379,0.6070623287774773,0.39844675254741446,0.13736901284359535,TNT,Medium
2025-01-28 23:00:00,0.16462888358578515,0.40128151489443065,0.4598252229838664,0.2770384627053645,RDX,Low
2025-01-29 00:00:00,0.40859602815764556,0.8880384500359996,0.4926152681707663,0.7227723284247887,TNT,Medium
2025-01-29 01:00:00,0.40454284565768334,0.5485602448211356,0.324714015949624,0.39360317961887736,RDX,Low
2025-01-29 02:00:00,0.25849393115337677,0.4577861820314978,0.6052738890353666,0.3990883294660159,TNT,Low
2025-01-29 03:00:00,0.3472583956187168,0.5572685342103881,0.40342056987682895,0.38897173621859626,RDX,Low
2025-01-29 04:00:00,0.3003512610370492,0.2802008821570837,0.44923274956769177,0.7839239233252099,PETN,Medium
2025-01-29 05:00:00,0.7039101503465022,0.34812218372341874,0.3259756546015353,0.7340744960362419,RDX,Medium
2025-01-29 06:00:00,0.5887998902856268,0.7409907646054853,0.0735886819667968,0.8403080508141588,TNT,High
2025-01-29 07:00:00,0.6361464870163775,0.4050475586973129,0.4552804644466022,0.41420183324946686,PETN,Medium
2025-01-29 08:00:00,0.5586326553859855,0.3345027440428151,0.8743698824412505,0.4956786238381525,RDX,Low
2025-01-29 09:00:00,0.29774681660559793,0.6209320408680806,0.6123208264667852,0.17092044831743147,PETN,Low
2025-01-29 10:00:00,0.38296412765437565,0.7383301174870943,0.4829286049261299,0.7073693139546613,RDX,Medium
2025-01-29 11:00:00,0.5258870194818397,0.6539059083021938,0.44371319173323087,0.23343668262545433,PETN,Low
2025-01-29 12:00:00,0.28462642570961855,0.7040257394533628,0.48964497811528673,0.48154889986236765,TNT,Medium
2025-01-29 13:00:00,0.5574099833673092,0.3869778605795622,0.5740945735676846,0.24606616223845965,RDX,Low
2025-01-29 14:00:00,0.4230254350922629,0.26669224137864245,0.2959619970795586,0.3371778180344562,RDX,Low
2025-01-29 15:00:00,0.4040663948385533,0.7954200425445505,0.6653930281202776,0.29266533639435494,TNT,Medium
2025-01-29 16:00:00,0.5571226331692702,0.4654990611828921,0.6011785104172347,0.33377150748809953,PETN,Low
2025-01-29 17:00:00,0.5195279474241303,0.47849445527907275,0.6016299158454501,0.3460919628484598,TNT,Low
2025-01-29 18:00:00,0.40601940358032435,0.7641031924362703,0.5566070431541235,0.3444529835944125,TNT,Medium
2025-01-29 19:00:00,0.6203267365050202,0.6244731044800654,0.4891863575582889,0.5920361293860673,PETN,Medium
2025-01-29 20:00:00,0.3045114700489416,0.6063235625082842,0.5943343639273948,0.24471136299768323,TNT,Low
2025-01-29 21:00:00,0.5437275983621483,0.915462042003596,0.581288804110379,0.4822237423954906,RDX,Medium
2025-01-29 22:00:00,0.5405087722077111,0.40746697012175237,0.4290414613220648,0.6609609559935617,RDX,Medium
2025-01-29 23:00:00,0.41326774513380654,0.6916886024232335,0.3937003215578656,0.3507379616201067,RDX,Low
2025-01-30 00:00:00,0.502875803539879,0.5341765549870533,0.502423871075294,0.3140516936984504,TNT,Low
2025-01-30 01:00:00,0.2805404696522506,0.5724462292325351,0.735363262282597,0.4013927251862456,RDX,Low
2025-01-30 02:00:00,0.5871574634656365,0.8003280826786071,0.2865787959602386,0.6541094348783054,RDX,Medium
2025-01-30 03:00:00,0.4308381318571835,0.6157197265257853,0.2498119889998094,0.47748680727505916,RDX,Low
2025-01-30 04:00:00,0.38321747499818276,0.6212292798422908,0.5125491561840647,0.34750914931992344,RDX,Low
2025-01-30 05:00:00,0.6047754825282696,0.7178554854426508,0.49421982903295714,0.5294134032743869,RDX,Medium
2025-01-30 06:00:00,0.35761545921589527,0.45785289318284816,0.5139303485820506,0.2451720221535579,RDX,Low
2025-01-30 07:00:00,0.25836007129966126,0.3720710088247179,0.5252961711623527,0.5648023231838257,TNT,Low
2025-01-30 08:00:00,0.23747370231428228,0.33488290799506637,0.45010157156956865,0.5159251401495683,RDX,Low
2025-01-30 09:00:00,0.5423284360792853,0.16819673896139398,0.7258412384787363,0.38754346330477163,RDX,Low
2025-01-30 10:00:00,0.27640799418805767,0.8957835559241915,0.22834299223890753,0.29242818901346995,PETN,Medium
2025-01-30 11:00:00,0.7042659071799839,0.32431987645204796,0.3526716954353972,0.28380954488457477,TNT,Medium
2025-01-30 12:00:00,0.1634251653896967,0.48384466917428115,0.46940864327537923,0.538541971870089,TNT,Low
2025-01-30 13:00:00,0.6960423628735388,0.47379523531726775,0.22153671170695333,0.6629359814737956,TNT,Medium
2025-01-30 14:00:00,0.48664862930622427,0.5794668413355714,0.4577228090360066,0.3284972071958565,TNT,Low
2025-01-30 15:00:00,0.4432696287712589,0.6714118313929233,0.7534635193777603,0.524845605751051,RDX,Low
2025-01-30 16:00:00,0.38008862386364645,0.6795035676084785,0.489390752911369,0.06870757590105059,RDX,Low
2025-01-30 17:00:00,0.5131666273547606,0.41839928254665026,0.5231630465258448,0.33793925587003815,PETN,Low
2025-01-30 18:00:00,0.451597570578872,0.49363585377575936,0.28318929355137357,0.4371369686940065,PETN,Low
2025-01-30 19:00:00,0.612428804367638,0.5749762688253236,0.3868176155426113,0.27968749882108634,TNT,Medium
2025-01-30 20:00:00,0.47300472819344325,0.47888187266600946,0.4256361878104187,0.2748808259322363,PETN,Low
2025-01-30 21:00:00,0.47808988730618546,0.8145950970054167,0.4348885299984886,0.32303666025097383,PETN,Medium
2025-01-30 22:00:00,0.40564640571862237,0.6126700049940134,0.6923256439534242,0.4950636525179299,TNT,Low
2025-01-30 23:00:00,0.44887542165313726,0.6567862699733725,0.575796262391421,0.40913337606768313,TNT,Low
